"Informazioni cronologiche","Quanti anni hai? ","In che città abiti? ","In che genere ti identifichi?","Qual è la tua occupazione?","Quali tra le seguenti attività ti piace svolgere?","Pianifichi le tue attività? ","Quando devi scegliere in che cinema andare, quanto dai importanza a...  [Sito web completo, facile e piacevole da usare]","Quando devi scegliere in che cinema andare, quanto dai importanza a...  [Presenza di altri locali oltre alle sale (es. cineteca o biblioteca)]","Quando devi scegliere in che cinema andare, quanto dai importanza a...  [Presenza di almeno 4 sale]","Quando devi scegliere in che cinema andare, quanto dai importanza a...  [Altre iniziative oltre alla singola proiezione (es. rassegne, incontri e seminari)]","Quando devi scegliere in che cinema andare, quanto dai importanza a...  [Prezzo più conveniente rispetto ad altri cinema]","Quando devi scegliere in che cinema andare, quanto dai importanza a...  [Presenza di un punto ristoro]","Quando devi scegliere in che cinema andare, quanto dai importanza a...  [Facilità di arrivo al cinema (es. è vicino casa, è ben collegato coi mezzi pubblici)]","Per quanto riguarda i film, quanto ti interessa che il cinema in cui scegli di andare abbia in programmazione... [Film più recenti]","Per quanto riguarda i film, quanto ti interessa che il cinema in cui scegli di andare abbia in programmazione... [Film d'essai]","Per quanto riguarda i film, quanto ti interessa che il cinema in cui scegli di andare abbia in programmazione... [Film in lingua originale]","Pensa ai cinema che frequenti di solito. Utilizzi i loro siti web?","I siti web sono completi, facili e piacevoli da utilizzare?","Se utilizzi i siti web dei cinema, per quali obiettivi specifici lo fai?","Se non utilizzi i siti web, perché?","Quali sono le difficoltà principali che riscontri nell'organizzare le tue uscite al cinema? ","Il sito web del cinema ti aiuta a superare le difficoltà che hai appena identificato? ","Quali altre risorse ti aiutano a superare le difficoltà che hai appena identificato? ","Hai mai provato ad acquistare i biglietti del cinema online? ","Se hai risposto no, perchè non hai mai provato ad acquistare i biglietti online?","Se acquistare i biglietti del cinema sul sito web fosse facile, lo faresti? ","Secondo te che cosa manca ai siti web dei cinema? Quali sono le cose di cui avresti bisogno ma non ci sono o sono poco chiare? ",""
"2020/06/25 10:55:56 AM GMT","24","Bologna","Maschio","Lavoratore","Guardare film e serie in streaming;Uscire o fare attività con gli amici","5","Poco","Per niente","Per niente","Poco","Molto","Per niente","Molto","Indifferente","Indifferente","Per niente","5","","Consultare la programmazione (film e orari);Scoprire tariffe e offerte del cinema","","Navigare il sito web del cinema;organizzarmi con gli amici","1","Social network","","","","1) biglietteria online inclusiva di sconti e offerte
2) chiarezza e navigabilià generale del sito, alcuni sono fatti male","Molto"
"2020/06/25 1:07:53 PM GMT","24","Corinaldo","Padella","Meme Lord","Andare al cinema;Giocare ai videogiochi;Guardare film e serie in streaming;Uscire o fare attività con gli amici;fare il cringe","3","Abbastanza","Poco","Per niente","Poco","Molto","Poco","Indifferente","Indifferente","Indifferente","Indifferente","4","2","Consultare la programmazione (film e orari);Scoprire tariffe e offerte del cinema;Acquistare biglietti online","","Trovare le informazioni relative alle tariffe","2","Social network","Sì, sono riuscito/a con successo","","5","Scritta per allungare la broda, per simulare un contenuto vero, comunque manca un'organnizzazione decente dei contenuti in alcuni cinema per cui non si capisce un cazzo","Abbastanza"
"2020/06/25 1:18:16 PM GMT","29","Forlì","Maschio","Studente universitario al 2° anno o più","Andare al cinema;Andare ai concerti o altri eventi in presenza (festival, conferenze...);Giocare ai videogiochi;Guardare film e serie in streaming","2","Poco","Per niente","Poco","Poco","Indifferente","Abbastanza","Molto","Abbastanza","Molto","Molto","2","2","Scoprire tariffe e offerte del cinema","I siti non forniscono i servizi di cui ho bisogno;I siti sono poco chiari e non mi danno informazioni certe;Preferisco usare altre risorse","Trovare le informazioni relative alla programmazione dei film;Acquistare i biglietti online in anticipo","2","MyMovies.com","No","Non mi piace organizzarmi in anticipo","5","L'amore",""
"2020/06/25 1:31:21 PM GMT","20","Bologna","Femmina","Studente universitario al 2° anno o più","Andare al cinema;Uscire o fare attività con gli amici","4","Poco","Poco","Poco","Indifferente","Molto","Poco","Molto","Abbastanza","Abbastanza","Abbastanza","5","4","Consultare la programmazione (film e orari);Scoprire tariffe e offerte del cinema","","Acquistare i biglietti online in anticipo","4","Social network","No","preferisco conservare il biglietto ","2","",""
"2020/06/25 1:36:41 PM GMT","25","Bologna","","Lavoratore","Andare al cinema;Andare ai concerti o altri eventi in presenza (festival, conferenze...);Giocare ai videogiochi;Guardare film e serie in streaming;Uscire o fare attività con gli amici","3","Indifferente","Per niente","Per niente","Per niente","Abbastanza","Poco","Molto","Abbastanza","Poco","Molto","3","3","Consultare la programmazione (film e orari);Scoprire tariffe e offerte del cinema;Acquistare biglietti online","","Trovare le informazioni relative alle tariffe;Trovare le informazioni relative alla programmazione dei film;Acquistare i biglietti online in anticipo","3","Social network","Sì, sono riuscito/a con successo","","4","",""
"2020/06/25 2:33:26 PM GMT","25","Bologna","Donna","Studente universitario al 2° anno o più","Guardare film e serie in streaming;Uscire o fare attività con gli amici","2","Poco","Poco","Poco","Poco","Abbastanza","Abbastanza","Abbastanza","Poco","Indifferente","Molto","4","4","Consultare la programmazione (film e orari)","","Capire il modo migliore di arrivare al cinema","2","","No","Non mi piace organizzarmi in anticipo","2","",""
"2020/06/28 2:19:46 PM GMT","20","Bologna","Uomo","Studente di scuola superiore","Uscire o fare attività con gli amici","4","Poco","Poco","Abbastanza","Poco","Abbastanza","Molto","Abbastanza","Abbastanza","Poco","Indifferente","3","3","Consultare la programmazione (film e orari)","","Trovare le informazioni relative alle tariffe","4","Magazine e database online (es. MYmovies, Comingsoon)","Sì, sono riuscito/a con successo","","5","",""
"2020/06/28 8:07:13 PM GMT","20","Marano d'Isera","Uomo","Studente universitario al 1° anno","Andare al cinema;Andare ai concerti o altri eventi in presenza (festival, conferenze...);Giocare ai videogiochi;Guardare film e serie in streaming;Uscire o fare attività con gli amici","4","Poco","Per niente","Per niente","Per niente","Abbastanza","Indifferente","Molto","Abbastanza","Indifferente","Indifferente","4","4","Consultare la programmazione (film e orari);Acquistare biglietti online","","Acquistare i biglietti online in anticipo","4","","Sì, sono riuscito/a con successo","","5","",""
"2020/06/28 8:08:46 PM GMT","29","Forli","Gamer","Corso di game design presso ECIPAR bologna","Giocare ai videogiochi;Fare graffiti, guardare linus tech tips","4","Molto","Indifferente","Abbastanza","Per niente","Abbastanza","Indifferente","Abbastanza","Abbastanza","Indifferente","Molto","5","2","Consultare la programmazione (film e orari);Scoprire tariffe e offerte del cinema;Vedere quanto sono fatti male","","Trovare le informazioni relative alle tariffe;Trovare le informazioni relative alla programmazione dei film;COVID 19, imbarazzo di entrare in un posto da solo","2","I pochi amici che ho","No","I cinema in cui vado non dispongono di questo servizio","5","Siamo nel 2020, i siti web sono obsoleti, i cinema dovrebbero essere integrati con whatsapp business, instagram, facebook, e app di facile utilizzo, nessuno utilizza più i siti web dei singoli cinema",""
"2020/06/28 8:12:43 PM GMT","21","Caltagirone, Catania","Uomo","Lavoratore","Andare al cinema;Andare ai concerti o altri eventi in presenza (festival, conferenze...);Giocare ai videogiochi;Guardare film e serie in streaming","3","Indifferente","Poco","Poco","Poco","Molto","Abbastanza","Abbastanza","Molto","Abbastanza","Abbastanza","1","1","","I siti sono poco chiari e non mi danno informazioni certe","Mettere d'accordo il gruppo","1","Social network","No","I cinema in cui vado non dispongono di questo servizio","5","Per esperienza, il sito web dell'unico cinema del mio paese è strutturato male e non propone informazioni certe. Mi hanno letteralmente detto di appoggiarmi alla pagina Facebook in quanto più aggiornata",""
"2020/06/28 8:14:28 PM GMT","22","Brescia ","Donna","Lavoratore","Andare al cinema;Andare ai concerti o altri eventi in presenza (festival, conferenze...);Giocare ai videogiochi;Guardare film e serie in streaming;Uscire o fare attività con gli amici","4","Indifferente","Indifferente","Per niente","Abbastanza","Molto","Abbastanza","Molto","Abbastanza","Abbastanza","Molto","5","4","Consultare la programmazione (film e orari);Scoprire tariffe e offerte del cinema;Acquistare biglietti online","","Trovare le informazioni relative alle tariffe","3","Social network","No","I cinema in cui vado non dispongono di questo servizio","5","",""
"2020/06/28 8:18:15 PM GMT","22","Milano","Donna","Lavoratore","Andare al cinema;Andare ai concerti o altri eventi in presenza (festival, conferenze...);Guardare film e serie in streaming;Uscire o fare attività con gli amici","5","Abbastanza","Indifferente","Indifferente","Indifferente","Molto","Abbastanza","Molto","Molto","Indifferente","Abbastanza","3","3","Consultare la programmazione (film e orari);Acquistare biglietti online","","Trovare le informazioni relative alla programmazione dei film","5","Magazine e database online (es. MYmovies, Comingsoon)","Sì, sono riuscito/a con successo","","4","",""
"2020/06/28 8:52:46 PM GMT","24","Roma","Uomo","Studente universitario al 2° anno o più","Giocare ai videogiochi;Guardare film e serie in streaming","4","Per niente","Per niente","Indifferente","Per niente","Abbastanza","Poco","Molto","Abbastanza","Abbastanza","Indifferente","5","3","Consultare la programmazione (film e orari)","","Trovare il film da vedere","5","Magazine e database online (es. MYmovies, Comingsoon)","Sì, sono riuscito/a con successo","","3","",""
"2020/06/28 8:57:50 PM GMT","19","Lecco","Uomo","Lavoratore","Andare al cinema;Guardare film e serie in streaming;Uscire o fare attività con gli amici","5","Molto","Molto","Indifferente","Poco","Per niente","Molto","Molto","Molto","Indifferente","Per niente","5","4","Consultare la programmazione (film e orari);Scoprire tariffe e offerte del cinema;Acquistare biglietti online","","Trovare le informazioni relative alle tariffe","5","","Sì, sono riuscito/a con successo","","5","",""
"2020/06/28 9:10:07 PM GMT","19","Rovereto, TN","Uomo","Studente universitario al 1° anno","Andare al cinema;Andare ai concerti o altri eventi in presenza (festival, conferenze...);Giocare ai videogiochi;Guardare film e serie in streaming;Uscire o fare attività con gli amici","2","Abbastanza","Per niente","Per niente","Per niente","Indifferente","Per niente","Molto","Molto","Poco","Per niente","4","2","Consultare la programmazione (film e orari);Acquistare biglietti online","","Trovare le informazioni relative alla programmazione dei film;Acquistare i biglietti online in anticipo","5","","Sì, sono riuscito/a con successo","","5","funzionamento chiaro e intuitivo, senza dovermi ingegnare a capire come funziona ",""
"2020/06/28 9:19:36 PM GMT","21","Bari","Donna","Studente universitario al 2° anno o più","Andare al cinema;Andare ai concerti o altri eventi in presenza (festival, conferenze...);Guardare film e serie in streaming;Uscire o fare attività con gli amici","4","Per niente","Per niente","Per niente","Per niente","Per niente","Per niente","Molto","Molto","Molto","Indifferente","4","3","Consultare la programmazione (film e orari);Scoprire tariffe e offerte del cinema;Acquistare biglietti online","","Trovare le informazioni relative alle tariffe","2","","Sì, sono riuscito/a con successo","","","",""
"2020/06/28 9:24:40 PM GMT","18","Brindisi","Donna","Studente universitario al 1° anno","Andare al cinema;Andare ai concerti o altri eventi in presenza (festival, conferenze...);Giocare ai videogiochi;Guardare film e serie in streaming;Uscire o fare attività con gli amici","4","Indifferente","Per niente","Per niente","Per niente","Poco","Indifferente","Molto","Molto","Per niente","Indifferente","5","3","Consultare la programmazione (film e orari);Acquistare biglietti online","","Trovare le informazioni relative alla programmazione dei film;Acquistare i biglietti online in anticipo","3","Magazine e database online (es. MYmovies, Comingsoon)","Sì, ma non sono riuscito/a a concludere l'acquisto","","5","Precisione nei preordini dei biglietti",""
"2020/06/28 9:49:23 PM GMT","22","Modena","Donna","Studente universitario al 2° anno o più","Andare ai concerti o altri eventi in presenza (festival, conferenze...);Guardare film e serie in streaming;Uscire o fare attività con gli amici","3","Abbastanza","Poco","Per niente","Per niente","Molto","Abbastanza","Molto","Abbastanza","Indifferente","Molto","3","2","Consultare la programmazione (film e orari);Scoprire tariffe e offerte del cinema","","","","","Sì, sono riuscito/a con successo","","4","",""
"2020/06/28 9:58:04 PM GMT","20","Messina","Donna","Studente universitario al 2° anno o più","Andare al cinema;Andare ai concerti o altri eventi in presenza (festival, conferenze...);Guardare film e serie in streaming;Uscire o fare attività con gli amici","5","Per niente","Per niente","Poco","Per niente","Indifferente","Per niente","Abbastanza","Molto","Indifferente","Per niente","5","5","Consultare la programmazione (film e orari);Scoprire tariffe e offerte del cinema;Acquistare biglietti online","","","5","Social network;App smartphone","Sì, sono riuscito/a con successo","","5","",""
"2020/06/29 1:50:48 PM GMT","17","Chieti","Uomo","Studente di scuola superiore","Andare al cinema;Guardare film e serie in streaming;Uscire o fare attività con gli amici","4","Poco","Per niente","Abbastanza","Per niente","Abbastanza","Abbastanza","Molto","Abbastanza","Per niente","Per niente","2","3","Consultare la programmazione (film e orari)","","","","","No","","1","",""
"2020/06/29 3:32:52 PM GMT","17","Lanciano","Donna","Studente di scuola superiore","Andare al cinema;Guardare film e serie in streaming;Uscire o fare attività con gli amici;Sport","5","Indifferente","Per niente","Poco","Indifferente","Poco","Poco","Abbastanza","Molto","Abbastanza","Indifferente","4","4","Consultare la programmazione (film e orari)","","","","","Sì, ma non sono riuscito/a a concludere l'acquisto","","3","",""
"2020/06/29 4:24:52 PM GMT","18","Lodi","Donna","Studente di scuola superiore","Andare al cinema;Andare ai concerti o altri eventi in presenza (festival, conferenze...);Guardare film e serie in streaming","5","Per niente","Per niente","Per niente","Per niente","Per niente","Poco","Molto","Abbastanza","Indifferente","Per niente","5","4","Consultare la programmazione (film e orari);Acquistare biglietti online","","Capire il modo migliore di arrivare al cinema","1","App smartphone","Sì, sono riuscito/a con successo","","5","",""
"2020/06/29 5:23:47 PM GMT","20","bari","Donna","Lavoratore","Andare al cinema;Andare ai concerti o altri eventi in presenza (festival, conferenze...);Giocare ai videogiochi;Guardare film e serie in streaming;Uscire o fare attività con gli amici","4","Per niente","Per niente","Per niente","Poco","Abbastanza","Abbastanza","Molto","Abbastanza","Poco","Abbastanza","2","4","Consultare la programmazione (film e orari);Scoprire tariffe e offerte del cinema","Preferisco usare altre risorse","Trovare le informazioni relative alle tariffe","3","","Sì, sono riuscito/a con successo","","5","",""
"2020/06/30 10:34:23 AM GMT","15","Medicina ","Uomo","Studente di scuola superiore","Giocare ai videogiochi;Uscire o fare attività con gli amici","5","Per niente","Abbastanza","Indifferente","Poco","Per niente","Abbastanza","Indifferente","Abbastanza","Poco","Per niente","1","1","Acquistare biglietti online","I siti non forniscono i servizi di cui ho bisogno","Acquistare i biglietti online in anticipo","1","Social network","Sì, sono riuscito/a con successo","","5","Tutto chiaro ",""
"2020/06/30 10:50:50 AM GMT","14 ","Belvedere ","Donna","Studente di scuola superiore","Andare al cinema;Andare ai concerti o altri eventi in presenza (festival, conferenze...);Guardare film e serie in streaming;Uscire o fare attività con gli amici","3","Indifferente","Poco","Poco","Poco","Indifferente","Molto","Poco","Abbastanza","Poco","Indifferente","3","4","Consultare la programmazione (film e orari);Acquistare biglietti online","","Acquistare i biglietti online in anticipo","2","Social network;Forum e blog (es. #CineFacts)","Sì, sono riuscito/a con successo","","5","",""
"2020/06/30 10:53:46 AM GMT","16","Belvedere ","Donna","Studente di scuola superiore","Andare al cinema;Andare ai concerti o altri eventi in presenza (festival, conferenze...);Guardare film e serie in streaming;Uscire o fare attività con gli amici","5","Molto","Indifferente","Abbastanza","Abbastanza","Poco","Molto","Molto","Molto","Abbastanza","Molto","5","3","Consultare la programmazione (film e orari);Acquistare biglietti online","","Acquistare i biglietti online in anticipo;Capire il modo migliore di arrivare al cinema","2","App smartphone","Sì, sono riuscito/a con successo","","5","Di un area più eleborata per aiutare i clienti e soddisfare le loro rischieste ",""
"2020/06/30 6:14:13 PM GMT","16","Belvedere ","Donna","Studente di scuola superiore","Andare al cinema;Andare ai concerti o altri eventi in presenza (festival, conferenze...);Guardare film e serie in streaming;Uscire o fare attività con gli amici","5","Molto","Indifferente","Abbastanza","Abbastanza","Poco","Molto","Molto","Molto","Abbastanza","Molto","5","3","Consultare la programmazione (film e orari);Acquistare biglietti online","","Acquistare i biglietti online in anticipo;Capire il modo migliore di arrivare al cinema","2","App smartphone","Sì, sono riuscito/a con successo","","5","Di un area più eleborata per aiutare i clienti e soddisfare le loro rischieste ",""
"2020/06/30 8:31:53 PM GMT","61","Forlì ","Uomo","Medico","Andare al cinema;Uscire o fare attività con gli amici;Leggere","3","Abbastanza","Indifferente","Per niente","Indifferente","Per niente","Indifferente","Indifferente","Abbastanza","Molto","Indifferente","4","3","Consultare la programmazione (film e orari)","","Acquistare i biglietti online in anticipo","3","Social network;Magazine e database online (es. MYmovies, Comingsoon)","Sì, ma non sono riuscito/a a concludere l'acquisto","","3","Manca il trailer",""
"2020/07/03 1:04:44 PM GMT","19","Osteria Grande","Donna","Studente di scuola superiore","Guardare film e serie in streaming;fare sport","4","Indifferente","Indifferente","Poco","Per niente","Abbastanza","Abbastanza","Abbastanza","Abbastanza","Per niente","Indifferente","3","3","Consultare la programmazione (film e orari);Scoprire tariffe e offerte del cinema","","Capire il modo migliore di arrivare al cinema","1","","No","temo di avere imprevisti","4","",""
"2020/07/03 1:09:54 PM GMT","15","Osteria Grande","Uomo","Studente di scuola superiore","Giocare ai videogiochi;Guardare film e serie in streaming;Uscire o fare attività con gli amici","2","Per niente","Per niente","Per niente","Per niente","Abbastanza","Abbastanza","Molto","Molto","Per niente","Per niente","3","","Consultare la programmazione (film e orari);Scoprire tariffe e offerte del cinema","","Capire il modo migliore di arrivare al cinema","1","trasporti ","No","Non mi piace organizzarmi in anticipo","3","",""
"2020/07/07 6:05:57 PM GMT","21","Forli","Donna","Studente universitario al 2° anno o più","Andare al cinema;Andare ai concerti o altri eventi in presenza (festival, conferenze...);Guardare film e serie in streaming;Uscire o fare attività con gli amici","4","Poco","Abbastanza","Indifferente","Molto","Molto","Molto","Molto","Abbastanza","Molto","Molto","2","2","Consultare la programmazione (film e orari)","I siti non forniscono i servizi di cui ho bisogno;I siti sono poco chiari e non mi danno informazioni certe","Trovare le informazioni relative alla programmazione dei film","1","Social network","No","Non mi interessa","3","I siti sono obsoleti o comunque fatti male",""