"Informazioni cronologiche","Nome e cognome del partecipante","Penso che mi piacerebbe utilizzare questo sito frequentemente ","Ho trovato il sito inutilmente complesso ","Penso che il sito sia semplice da usare ","Penso che avrei bisogno del supporto di una persona esperta per utilizzare il sito ","Ho trovato le varie funzionalità del sito bene integrate","Penso che ci fossero troppe incoerenze nel sito ","Penso che la maggior parte delle persone possano imparare ad utilizzare il sito velocemente","Ho trovato il sito molto difficile da utilizzare ","Mi sono sentito a mio agio nell’utilizzare il sito","Ho avuto bisogno di imparare molte cose prima di riuscire ad utilizzare il sito","In generale, darei come voto alla facilità d'uso del sito..."
"2020/07/07 4:17:31 PM GMT","Michele Morelli","4","2","3","3","4","2","4","2","4","2","4"
"2020/07/07 4:36:47 PM GMT","Davide Apolloni","4","2","3","1","3","2","4","2","4","1","4"
"2020/07/09 6:37:27 AM GMT","Francesco Fantini","2","3","3","1","2","4","1","3","2","1","2"
"2020/07/13 4:45:00 PM GMT","Maria Pia Carosella","5","1","5","1","5","1","5","1","5","1","5"
"2020/07/14 12:45:35 PM GMT","Claudia ricci","4","1","5","1","5","1","5","1","5","1","5"
"2020/07/14 1:18:02 PM GMT","Tobia Pedretti","4","1","4","1","4","1","5","1","4","1","4"